USE VillageGreen;

INSERT INTO `Categorie` (`IDCat`, `NomCat`, `ImageCat`) VALUES
	('C1', 'Instruments à cordes', 'instruments_a_cordesCat.jpg'),
	('C2', 'Instruments à vent', 'instruments_a_ventCat.png'),
	('C3', 'Instruments à percussion', 'instruments_a_percussionCat.jpg'),
	('C4', 'Claviers et pianos', 'claviers_pianosCat.png'),
	('C5', 'Instruments de musique électronique', 'instruments_musique_electroniqueCat.png'),
	('C6', 'Instruments traditionnels', 'instruments_tradiCat.png'),
	('C7', 'Accessoires', 'accessoiresCat.png'),
	('C8', 'Equipement audio et enregistrement', 'equipements_audio_enregistrementCat.png');

INSERT INTO `Utilisateur` (`IDUtil`, `NomUtil`, `PrenomUtil`, `Siren`, `MailUtil`, `NumTelUtil`, `TypeUtil`, `mdpUtil`, `PromoUtil`, `AdrVoiePostUtil`, `AdrCodePostUtil`, `AdrVilleUtil`, `AdrPaysUtil`) VALUES
	(1, 'Dupont', 'Pierre', '', 'pierre.dupont@mail.com', '0612345678', 'Particulier', 'lambda123', '0', '15 rue de Lyon', '69000', 'Lyon', 'France'),
	(2, 'Martin', 'Sophie', '', 'sophie.martin@mail.com', '0623456789', 'Particulier', 'lambda123', '0', '22 avenue des Champs', '75008', 'Paris', 'France'),
	(3, 'Bernard', 'Alain', '', 'alain.bernard@mail.com', '0634567890', 'Particulier', 'lambda123', '10', '10 rue de la Gare', '59000', 'Lille', 'France'),
	(4, 'Lefevre', 'Claire', '', 'claire.lefevre@mail.com', '0645678901', 'Particulier', 'lambda123', '0', '33 rue de la République', '33000', 'Bordeaux', 'France'),
	(5, 'Girad', 'Marc', '', 'marc.girard@mail.com', '0656789012', 'Particulier', 'lambda123', '0', '47 rue du Soleil', '13000', 'Marseille', 'France'),
	(6, 'Durand', 'Elise', '', 'elise.durand@mail.com', '0678901234', 'Particulier', 'lambda123', '0', '12 rue de l\'Eglise', '75012', 'Paris', 'France'),
	(7, 'Moreau', 'Thomas', '', 'thomas.moreau@mail.com', '0689012345', 'Particulier', 'lambda123', '5', '28 rue des Fleurs', '44000', 'Nantes', 'France'),
	(8, 'Lefevre', 'Chloe', '', 'chloe.lefevre@mail.com', '0690123456', 'Particulier', 'lambda123', '10', '56 rue de la Montagne', '69005', 'Lyon', 'France'),
	(9, 'Petit', 'Jean', '', 'jean.petit@mail.com', '0611122334', 'Particulier', 'lambda123', '0', '78 boulevard de la Liberté', '21000', 'Dijon', 'France'),
	(10, 'Faure', 'Isabelle', '', 'isabelle.faure@mail.com', '0622233445', 'Particulier', 'lambda123', '0', '90 rue des Lilas', '35000', 'Rennes', 'France'),
	(11, 'Leroy', 'Gabriel', '', 'gabriel.leroy@mail.com', '0633344556', 'Particulier', 'lambda123', '0', '123 Rue des Lilas', '75010', 'Paris', 'France'),
	(12, 'Robert', 'Helene', '', 'helene.robert@mail.com', '0644455667', 'Particulier', 'lambda123', '20', '45 Boulevard de la liberté', '13001', 'Marseille', 'France'),
	(13, 'Boucher', 'Luc', '', 'luc.boucher@mail.com', '0655566778', 'Particulier', 'lambda123', '40', '78 Avenue des Champs-Elysees', '75008', 'Paris', 'France'),
	(14, 'Lefevre', 'Nicolas', '', 'nicolas.lefevre@mail.com', '0666677889', 'Particulier', 'lambda123', '30', '56 Rue de la République', '69002', 'Lyon', 'France'),
	(15, 'Martin', 'Aurelie', '', 'aurelie.martin@mail.com', '0677888990', 'Particulier', 'lambda123', '20', '12 Place du Marché', '37000', 'Tours', 'France'),

	(16, 'Dupuis', 'Alice', '123456789', 'alice.dupuis@pro.com', '0701234567', 'Professionnel', 'pro123', '5', '34 rue de l\'Arche', '75006', 'Paris', 'France'),
	(17, 'Lemoine', 'Bernard', '987654321', 'bernard.lemoine@pro.com', '0712345678', 'Professionnel', 'pro123', '0', '12 rue de la Croix', '31000', 'Toulouse', 'France'),
	(18, 'Marchand', 'Lucie', '192837465', 'lucie.marchand@pro.com', '0723456789', 'Professionnel', 'pro123', '0', '18 avenue des Vignes', '75019', 'Paris', 'France'),
	(19, 'Aubert', 'Francois', '112233445', 'francois.aubert@pro.com', '0734567890', 'Professionnel', 'pro123', '0', '89 Rue de la Gare', '59000', 'Lille', 'France'),
	(20, 'Lefevre', 'Stephanie', '223344556', 'stephanie.lefevre@pro.com', '0745678901', 'Professionnel', 'pro123', '10', '34 Rue du Chateau', '21000', 'Dijon', 'France');

INSERT INTO `Sous_categorie` (`IDSousCat`, `NomSousCat`, `ImageSousCat`, `IDCat`) VALUES
	('1', 'Guitares acoustiques', 'corde_acoustique_SousCat.jpg', 'C1'),
	('2', 'Guitares électriques', 'corde_electrique_SousCat.jpg', 'C1'),
	('3', 'Violons', 'corde_violon_SousCat.png', 'C1'),
	('4', 'Basses', 'corde_basse_SousCat.jpg', 'C1'),
	('5', 'Flûtes', 'vent_flute_SousCat.png', 'C2'),
	('6', 'Clarinettes', 'vent_clarinette_SousCat.png', 'C2'),
	('7', 'Saxophones', 'vent_saxophone_SousCat.png', 'C2'),
	('8', 'Trompettes', 'vent_trompette_SousCat.png', 'C2'),
	('9', 'Batteries', 'batterie_SousCat.png', 'C3'),
	('10', 'Tambours', 'tambour_SousCat.png', 'C3'),
	('11', 'Cymbales', 'cymbale_SousCat.png', 'C3'),
	('12', 'Bongos', 'bongo_SousCat.png', 'C3'),
	('13', 'Pianos acoustiques', 'piano_acoustique_SousCat.png', 'C4'),
	('14', 'Claviers électroniques', 'clavier_electronique_SousCat.png', 'C4'),
	('15', 'Orgues', 'orgue_SousCat.png', 'C4'),
	('16', 'Synthétiseurs', 'synthetiseur_SousCat.png', 'C5'),
	('17', 'Boîtes à rythmes', 'boite_a_rythme_SousCat.png', 'C5'),
	('18', 'Effets', 'effet_SousCat.png', 'C5'),
	('19', 'Didgeridoos', 'didgeridoo_SousCat.png', 'C6'),
	('20', 'Shamisen', 'shamisen_SousCat.png', 'C6'),
	('21', 'Sitar', 'sitar_SousCat.png', 'C6'),
	('22', 'Marimba', 'marimba_SousCat.png', 'C6'),
	('23', 'Cordes', 'accessoires_cordes_SousCat.png', 'C7'),
	('24', 'Médiators', 'accessoires_mediators_SousCat.png', 'C7'),
	('25', 'Baguettes', 'accessoires_baguettes_SousCat.png', 'C7'),
	('26', 'Accordeurs', 'accessoires_accordeur_SousCat.png', 'C7'),
	('27', 'Housses', 'accessoires_housse_SousCat.png', 'C7'),
	('28', 'Casques', 'casque_SousCat.png', 'C8'),
	('29', 'Micros', 'micro_SousCat.jpg', 'C8'),
	('30', 'Interfaces audio', 'interface_audio_SousCat.png', 'C8'),
	('31', 'Enceintes', 'enceinte_SousCat.png', 'C8');

INSERT INTO `Fournisseur` (`IDFourni`, `Nom_Fourni`, `Mail_Fourni`, `Adresse_Fourni`, `Tel_Fourni`) VALUES
(1, 'Yamaha', 'contact@yamaha.com', '1-1 Takamatsu-cho, Hamamatsu, Japon', '03 34 56 78 90'),
(2, 'Roland', 'contact@roland.com', '5-16-1, Takakura-cho, Shibuya-ku, Tokyo, Japon', '01 45 67 89 01'),
(3, 'Fender', 'contact@fender.com', '2199 South Street, Corona, CA, USA', '01 23 45 67 89'),
(4, 'Korg', 'contact@korg.com', '1-10-2 Nakano, Nakano-ku, Tokyo, Japon', '03 89 10 11 12'),
(5, 'Stagg', 'contact@stagg.com', 'Place de la Musique 12, Bruxelles, Belgique', '02 34 56 78 90'),
(6, 'Selmer', 'contact@selmer.com', '42 Rue de la Musique, Mantes-la-Jolie, France', '01 48 23 45 67'),
(7, 'Bach', 'contact@bach.com', '1234 Harmony Road, Elkhart, IN, USA', '01 89 76 54 32'),
(8, 'Meinl', 'contact@meinl.com', 'Main Street 45, Gutenstetten, Allemagne', '03 40 50 60 70'),
(9, 'LP', 'contact@lp.com', '1700 E. Vernon Ave, Los Angeles, CA, USA', '02 77 88 99 00'),
(10, 'Akai', 'contact@akai.com', '1-3-7 Ochanomizu, Chiyoda-ku, Tokyo, Japon', '03 58 67 78 89'),
(11, 'Ravi', 'contact@ravi.com', 'Vivek Tower, Sector 15, Noida, Inde', '91 98 76 54 32'),
(12, 'Meinl', 'contact@meinl.com', 'Main Street 45, Gutenstetten, Allemagne', '03 40 50 60 71'),
(13, 'Koto Shop', 'contact@kotoshop.com', '4-6-8 Kanda, Chiyoda-ku, Tokyo, Japon', '03 72 34 56 78'),
(14, 'Dunlop', 'contact@dunlop.com', '2500 8th Avenue, Benicia, CA, USA', '02 33 44 55 66'),
(15, 'Hosa', 'contact@hosa.com', '1820 E. California Avenue, Salt Lake City, UT, USA', '01 11 22 33 44'),
(16, 'Ibanez', 'contact@ibanez.com', '1-8-19 Takada, Toshima-ku, Tokyo, Japon', '03 99 88 77 66'),
(17, 'Focusrite', 'contact@focusrite.com', 'The Old Dairy, 14a The Green, London, Royaume-Uni', '01 20 30 40 50'),
(18, 'Zoom', 'contact@zoom.com', '2-16-3, Kanda-Nishikicho, Chiyoda-ku, Tokyo, Japon', '03 11 22 33 44');


INSERT INTO `StatutCommande` (`Id_StatutCommande`, `StatutComm`) VALUES
(1, 'En cours'),
(2, 'Livrée'),
(3, 'Annulée'),
(4, 'Expédiée'),
(5, 'En attente');

INSERT INTO `StatutPaiement` (`Id_StatutPaiement`, `StatutPaiem`) VALUES
(1, 'Validée'),
(2, 'Annulée'),
(3, 'En attente');

INSERT INTO `Article` (`IDart`, `TypeArt`, `NomArt`, `AccessoireArt`, `PrixArt`, `MarqueArt`, `DescrArt`, `QuStockArt`, `PhotoArt`, `GarantieArt`, `PromoArt`, `PrixUnitHTVAArt`, `IDSousCat`) VALUES
(1, 'Instrument à cordes', 'Guitare acoustique', 'Cordes de rechange, médiators', 150.00, 'Yamaha', 'Guitare acoustique parfaite pour les débutants et intermédiaires, sonorité chaleureuse.', 20, 'guitare_acoustique_yamaha.jpg', 2, 25, 150.00 , 1),
(2, 'Instrument à cordes', 'Violon électrique', 'Archet, étui rigide', 250.00, 'Stagg', 'Violon électrique avec une sonorité claire et un design moderne, idéal pour les musiciens sur scène.', 15, 'violon_Stagg.png', 2, 0, 225.00, 3),
(3, 'Instrument à cordes', 'Basse électrique', 'Housse de transport, câbles', 400.00, 'Fender', 'Basse électrique de qualité professionnelle, idéale pour un jeu de basse puissant et précis.', 10, 'basse_fender.jpg', 2, 0, 650.00, 4),
(4, 'Instrument à vent', 'Saxophone alto', 'Anches, étui', 600.00, 'Selmer', 'Saxophone alto avec une excellente projection sonore et une grande durabilité.', 8, 'saxophone_selmer.png', 2, 0, 110.00, 7),
(5, 'Instrument à vent', 'Flûte traversière', 'Cahier d\'exercices, huile pour clé', 250.00, 'Yamaha', 'Flûte traversière professionnelle avec un son clair et une réponse rapide.', 12, 'flutte_traversiere_yamaha.png', 2, 0, 500.00, 5),
(6, 'Instrument à vent', 'Trompette', 'Embouchure de rechange, huile', 400.00, 'Bach', 'Trompette de haute qualité avec un son brillant, idéale pour les orchestres et les musiciens solo.', 10, 'trompette_bach.png', 2, 5, 325.00, 8),
(7, 'Instrument à percussion', 'Batterie électronique', 'Pédale, cymbales', 800.00, 'Roland', 'Batterie électronique avec des sons réalistes et une réponse rapide, idéale pour la pratique à domicile.', 6, 'batterie_electronique_roland(percussion).png', 2, 0, 275.00, 9),
(8, 'Instrument à percussion', 'Tambours', 'Mailloches, housse de transport', 120.00, 'Meinl', 'Instrument de percussion offrant des sonorités puissantes et dynamiques, idéal pour la musique rythmique.', 14, 'tambour_Meinl.png', 2, 0, 200.00, 10),
(9, 'Instrument à percussion', 'Cymbales', 'Paires de balais, huile pour la peau', 300.00, 'LP', 'Cymbales de haute qualité pour des sons clairs et percutants, parfaites pour la batterie ou les ensembles percussifs.', 7, 'cymbales_LP.png', 2, 0, 500.00, 11),
(10, 'Clavier et piano', 'Piano numérique', 'Pédale de sustain, banc', 450.00, 'Roland', 'Piano numérique avec 88 touches, idéal pour les pianistes débutants et intermédiaires.', 20, 'piano_numerique_roland.png', 2, 0, 400.00, 13),
(11, 'Clavier et piano', 'Clavier MIDI', 'Câble USB', 120.00, 'Akai', 'Clavier MIDI compact avec des touches sensibles à la vélocité, parfait pour la production musicale.', 30, 'clavier_midi_akai.png', 2, 50, 600.00, 14),
(12, 'Clavier et piano', 'Orgue', 'Banquette, étouffoir', 2000.00, 'Yamaha', 'Orgue électronique de haute qualité offrant une large palette de sons, idéal pour les musiciens classiques et modernes.', 5, 'orgue_yamaha.png', 2, 0, 900.00, 15),
(13, 'Instrument de musique électronique', 'Synthétiseur analogique', 'Alimentation, câble MIDI', 350.00, 'Korg', 'Synthétiseur analogique offrant des sonorités chaudes et riches pour les musiciens électroniques.', 15, 'synthetiseur_analogique_korg.png', 2, 0, 200.00, 16),
(14, 'Instrument de musique électronique', 'Boîtes à rythme', 'Pédale de grosse caisse, câbles', 800.00, 'Roland', 'Boîte à rythme électronique polyvalente, idéale pour créer des beats et des rythmes pour tout type de musique.', 10, 'boite_a_rythme_roland.png', 2, 0, 300.00, 17),
(15, 'Instrument de musique électronique', 'Otamatone', 'Câble USB, piles de rechange', 400.00, 'Roland', 'Instrument électronique unique produisant des sons mélodiques et amusants, parfait pour les créateurs de musique expérimentale.', 5, 'otamatone_roland.png', 2, 0, 350.00, 18),
(16, 'Instrument traditionnel', 'Sitar', 'Housse de protection', 500.00, 'Ravi', 'Sitar de qualité artisanale avec un son authentique pour les musiciens expérimentés.', 4, 'sitar_ravi.png', 2, 0, 170.00, 21),
(17, 'Instrument traditionnel', 'Didgeridoo', 'Housse, cire pour didgeridoo', 150.00, 'Meinl', 'Instrument traditionnel australien en bois, connu pour ses sonorités profondes et vibrantes.', 12, 'didgeridoo_meinl.png', 2, 10 , 225.00, 19),
(18, 'Instrument traditionnel', 'Shamisen', 'Cordes de rechange', 250.00, 'Koto Shop', 'Shamisen japonais traditionnel avec une sonorité distincte et une grande capacité d\'expression.', 6, 'shamisen_koto.png', 2, 0, 175.00, 20),
(19, 'Accessoire', 'Médiators', 'Lot de 6', 5.00, 'Dunlop', 'Médiators en plastique dur, idéal pour les instruments à cordes.', 50, 'mediators_dunlop.png', 2, 0, 50.00, 24),
(20, 'Accessoire', 'Accordeurs', 'Accordeur clip', 10.00, 'Hosa', 'Accordeur précis et facile à utiliser pour accorder tous types d\'instruments à cordes.', 100, 'accordeur_hosa.png', 2, 0, 275.00, 26),
(21, 'Accessoire', 'Baguettes', 'Baguettes pour batterie', 30.00, 'Ibanez', 'Baguettes de batterie robustes, idéales pour un jeu précis et puissant.', 40, 'baguettes_hosa.jpg', 2, 10, 50.00, 25),
(22, 'Équipement audio et enregistrement', 'Interface audio USB', 'Câble USB, logiciel d\'enregistrement', 120.00, 'Focusrite', 'Interface audio USB 2 canaux, idéale pour l\'enregistrement de musique à domicile.', 30, 'interface_audio_usb_focusrite.png', 2, 0, 750.00, 30),
(23, 'Équipement audio et enregistrement', 'Micro', 'Filtre anti-pop, support de microphone', 200.00, 'Zoom', 'Microphone de haute qualité conçu pour l\'enregistrement et la captation sonore en studio ou en live."', 20, 'micro_zoom.png', 2, 0, 90.00, 29),
(24, 'Équipement audio et enregistrement', 'Enceinte', 'Câbles d\'alimentation, supports', 350.00, 'Yamaha', 'Enceinte de haute qualité offrant un son clair et puissant, idéale pour les studios d\'enregistrement et les performances live.', 15, 'enceinte_yamaha.png', 2, 0, 250.00, 31);

INSERT INTO `Commande` (`IDComm`, `DateComm`, `LibelleComm`, `UtilComm`, `Fdp`, `MontantPaiem`, `DatePaiem`, `MethodePaiem`, `CommandePaiem`, `AdrFactUtil`, `AdrLivrUtil`, `FraisExpComm`, `PaysComm`, `AdrVoiePostComm`, `AdrCodePostComm`, `AdrVilleComm`, `Id_StatutPaiement`, `Id_StatutCommande`, `IDUtil`) VALUES
(1, '2025-01-15', 'Guitare acoustique', 'Dupont Pierre', 25.00, 300.00, '2025-01-15', 'Carte de crédit', 'P12345', '1 rue de Paris, 75000 Paris', '15 rue de Lyon, 69000 Lyon', 15.00, 'France', '15 rue de Lyon', '69000', 'Lyon', 1, 1, 1),
(2, '2025-01-18', 'Piano numérique', 'Martin Sophie', 100.00, 1200.00, '2025-01-19', 'Virement bancaire', 'P12346', '22 avenue des Champs, 75008 Paris', '22 avenue des Champs, 75008 Paris', 30.00, 'France', '22 avenue des Champs', '75008', 'Paris', 1, 2, 2),
(3, '2025-01-20', 'Violon électrique', 'Bernard Alain', 25.00, 450.00, '2025-01-21', 'Espèces', 'P12347', '10 rue de la Gare, 59000 Lille', '10 rue de la Gare, 59000 Lille', 20.00, 'France', '10 rue de la Gare', '59000', 'Lille', 2, 3, 3),
(4, '2025-01-22', 'Batterie électronique', 'Lefevre Claire', 50.00, 550.00, '2025-01-22', 'Carte de crédit', 'P12348', '33 rue de la République, 33000 Bordeaux', '33 rue de la République, 33000 Bordeaux', 25.00, 'France', '33 rue de la République', '33000', 'Bordeaux', 1, 4, 4),
(5, '2025-01-25', 'Saxophone alto', 'Girad Marc', 20.00, 220.00, '2025-01-25', 'En attente', 'P12349', '47 rue du Soleil, 13000 Marseille', '47 rue du Soleil, 13000 Marseille', 18.00, 'France', '47 rue du Soleil', '13000', 'Marseille', 3, 1, 5),
(6, '2025-01-28', 'Basse électrique', 'Durand Elise', 100.00, 1300.00, '2025-01-28', 'Virement bancaire', 'P12350', '12 rue de l\'Eglise, 75012 Paris', '12 rue de l\'Eglise, 75012 Paris', 35.00, 'France', '12 rue de l\'Eglise', '75012', 'Paris', 1, 2, 6),
(7, '2025-01-30', 'Sitar', 'Moreau Thomas', 25.00, 350.00, '2025-01-30', 'Carte de crédit', 'P12351', '28 rue des Fleurs, 44000 Nantes', '28 rue des Fleurs, 44000 Nantes', 10.00, 'France', '28 rue des Fleurs', '44000', 'Nantes', 3, 5, 7),
(8, '2025-01-18', 'Interface audio USB', 'Lefevre Chloe', 50.00, 800.00, '2025-01-18', 'Chèque', 'P12352', '56 rue de la Montagne, 69005 Lyon', '56 rue de la Montagne, 69005 Lyon', 20.00, 'France', '56 rue de la Montagne', '69005', 'Lyon', 1, 2, 8),
(9, '2025-01-19', 'Flûte traversière', 'Petit Jean', 50.00, 1000.00, '2025-01-19', 'Carte de crédit', 'P12353', '78 boulevard de la Liberté, 21000 Dijon', '78 boulevard de la Liberté, 21000 Dijon', 22.00, 'France', '78 boulevard de la Liberté', '21000', 'Dijon', 1, 4, 9),
(10, '2025-01-15', 'Trompette', 'Faure Isabelle', 50.00, 650.00, '2025-01-15', 'Espèces', 'P12354', '90 rue des Lilas, 35000 Rennes', '90 rue des Lilas, 35000 Rennes', 15.00, 'France', '90 rue des Lilas', '35000', 'Rennes',  1, 2, 10),
(11, '2025-01-17', 'Cymbales', 'Dupuis Alice', 25.00, 450.00, '2025-01-17', 'Carte de crédit', 'P12355', '34 rue de l\'Arche, 75006 Paris', '34 rue de l\'Arche, 75006 Paris', 10.00, 'France', '34 rue de l\'Arche', '75006', 'Paris', 1, 2, 16),
(12, '2025-01-20', 'Médiators', 'Lemoine Bernard', 50.00, 550.00, '2025-01-20', 'Virement bancaire', 'P12356', '12 rue de la Croix, 31000 Toulouse', '12 rue de la Croix, 31000 Toulouse', 12.00, 'France', '12 rue de la Croix', '31000', 'Toulouse', 1, 4, 17),
(13, '2025-01-22', 'Enceinte', 'Marchand Lucie', 25.00, 250.00, '2025-01-22', 'Paypal', 'P12357', '18 avenue des Vignes, 75019 Paris', '18 avenue des Vignes, 75019 Paris', 10.00, 'France', '18 avenue des Vignes', '75019', 'Paris', 2, 3, 18);

INSERT INTO `Bon_de_livraison` (`IDBon_de_livraison`, `NomBon`, `IDEntrBon`, `DateCommBon`, `DateExpBon`, `DateLivrBon`, `DetailProdBon`, `QuBon`, `DateFactBon`, `NoTVABon`, `DetailTransacBon`, `FdpBon`, `FraisConditioBon`, `RemiseBon`, `AdrVoiePostBon`, `AdrCodePostBon`, `AdrVilleBon`, `AdrPaysComm`, `IDComm`) VALUES
(1, 'Bon1', 1001, '2025-01-15', '2025-01-20', '2025-01-19', 'Guitare acoustique', 1, '2025-01-20', '20%', 'Transport Standard', 25.00, 5.00, 10.00, '15 rue de Lyon, 69000 Lyon', '69000', 'Lyon', 'France',  1),
(2, 'Bon2', 1002, '2025-01-18', '2025-01-25', '2025-01-24', 'Piano numérique', 3, '2025-01-25', '10%', 'Livraison Express', 100.00, 10.00, 15.00, '22 avenue des Champs', '75008', 'Paris', 'France', 2),
(3, 'Bon3', 1003, '2025-01-20', '2025-01-22', '2025-01-21', 'Violon électrique', 2, '2025-01-22', '18%', 'Transport Standard', 25.00, 5.00, 20.00, '10 rue de la Gare', '59000', 'Lille', 'France', 3),
(4, 'Bon4', 1004, '2025-01-22', '2025-01-28', '2025-01-27', 'Batterie électronique', 2, '2025-01-28', '5%', 'Livraison Gratuite', 50.00, 8.00, 5.00, '33 rue de la République', '33000', 'Bordeaux', 'France', 4),
(5, 'Bon5', 1005, '2025-01-25', '2025-01-30', '2025-01-29', 'Saxophone alto', 2, '2025-01-30', '12%', 'Transport Standard', 20.00, 4.00, 5.00, '47 rue du Soleil', '13000', 'Marseille', 'France', 5),
(6, 'Bon6', 1006, '2025-01-28', '2025-02-02', '2025-02-01', 'Basse électrique', 2, '2025-02-02', '15%', 'Livraison Gratuite', 100.00, 12.00, 15.00, '12 rue de l\'Eglise', '75012', 'Paris', 'France', 6),
(7, 'Bon7', 1007, '2025-01-30', '2025-02-05', '2025-02-04', 'Sitar', 2, '2025-02-05', '8%', 'Transport Express', 25.00, 6.00, 10.00, '28 rue des Fleurs', '44000', 'Nantes', 'France', 7),
(8, 'Bon8', 1008, '2025-01-18', '2025-01-23', '2025-01-22', 'Interface audio USB', 2, '2025-01-23', '20%', 'Livraison Gratuite', 50.00, 5.00, 10.00, '56 rue de la Montagne', '69005', 'Lyon', 'France', 8),
(9, 'Bon9', 1009, '2025-01-19', '2025-01-24', '2025-01-23', 'Flûte traversière', 2, '2025-01-24', '18%', 'Transport Standard', 50.00, 7.00, 12.00, '78 boulevard de la Liberté', '21000', 'Dijon', 'France', 9),
(10, 'Bon10', 1010, '2025-01-15', '2025-01-22', '2025-01-21', 'Trompette', 2, '2025-01-22', '10%', 'Livraison Gratuite', 50.00, 6.00, 8.00, '90 rue des Lilas', '35000', 'Rennes', 'France', 10),
(11, 'Bon11', 1011, '2025-01-17', '2025-01-21', '2025-01-20', 'Cymbales', 2, '2025-01-21', '5%', 'Transport Express', 25.00, 4.00, 6.00, '34 rue de l\'Arche', '75006', 'Paris', 'France', 11),
(12, 'Bon12', 1012, '2025-01-20', '2025-01-24', '2025-01-23', 'Médiators', 2, '2025-01-24', '12%', 'Livraison Gratuite', 50.00, 6.00, 10.00, '12 rue de la Croix', '31000', 'Toulouse', 'France', 12),
(13, 'Bon13', 1013, '2025-01-22', '2025-01-30', '2025-01-29', 'Enceinte', 2, '2025-01-30', '18%', 'Transport Standard', 125.00, 25.00, 3.00, '18 avenue des Vignes', '75019', 'Paris', 'France', 13);

INSERT INTO `VEND` (`IDart`, `IDfourni`) VALUES
(1, 1),
(2, 5),
(3, 3),
(4, 6),
(5, 1),
(6, 7),
(7, 2),
(8, 12),
(9, 9),
(10, 2),
(11, 10),
(12, 1),
(13, 4),
(14, 2),
(15, 2),
(16, 11),
(17, 12),
(18, 13),
(19, 14),
(20, 15),
(21, 16),
(22, 17),
(23, 18),
(24, 1);

INSERT INTO `CONTENIR`(`IDart`, `IDComm`, `PrixArt`, `QuStockArt`) VALUES
(1, 1, 150.00, 20),
(2, 3, 250.00, 15),
(3, 6, 400.00, 10),
(4, 5, 600.00, 8),
(5, 9, 250.00, 12),
(6, 10, 400.00, 10),
(7, 4, 800.00, 6),
(9, 11, 300.00, 7),
(10, 2, 450.00, 20),
(16, 7, 500.00, 4),
(19, 12, 5.00, 50),
(22, 8, 120.00, 30),
(24, 13, 350.00, 15);